{
	"partitions" : [
		{
			"name" : "Top",
			"pins" : [
				{
					"name" : "RF_out[1][0]",
					"strict" : false
				},
				{
					"name" : "RF_out[1][1]",
					"strict" : false
				},
				{
					"name" : "RF_out[1][2]",
					"strict" : false
				},
				{
					"name" : "RF_out[1][3]",
					"strict" : false
				},
				{
					"name" : "RF_out[1][4]",
					"strict" : false
				},
				{
					"name" : "RF_out[1][5]",
					"strict" : false
				},
				{
					"name" : "RF_out[1][6]",
					"strict" : false
				},
				{
					"name" : "RF_out[1][7]",
					"strict" : false
				},
				{
					"name" : "RF_out[0][0]",
					"strict" : false
				},
				{
					"name" : "RF_out[0][1]",
					"strict" : false
				},
				{
					"name" : "RF_out[0][2]",
					"strict" : false
				},
				{
					"name" : "RF_out[0][3]",
					"strict" : false
				},
				{
					"name" : "RF_out[0][4]",
					"strict" : false
				},
				{
					"name" : "RF_out[0][5]",
					"strict" : false
				},
				{
					"name" : "RF_out[0][6]",
					"strict" : false
				},
				{
					"name" : "RF_out[0][7]",
					"strict" : false
				},
				{
					"name" : "p1[13]",
					"strict" : false
				},
				{
					"name" : "p1[14]",
					"strict" : false
				},
				{
					"name" : "p1[15]",
					"strict" : false
				},
				{
					"name" : "p1[16]",
					"strict" : false
				},
				{
					"name" : "p1[17]",
					"strict" : false
				},
				{
					"name" : "p1[18]",
					"strict" : false
				},
				{
					"name" : "p1[19]",
					"strict" : false
				},
				{
					"name" : "p1[20]",
					"strict" : false
				},
				{
					"name" : "p1[21]",
					"strict" : false
				},
				{
					"name" : "p1[22]",
					"strict" : false
				},
				{
					"name" : "p1[23]",
					"strict" : false
				},
				{
					"name" : "p1[24]",
					"strict" : false
				},
				{
					"name" : "p1[25]",
					"strict" : false
				},
				{
					"name" : "p1[26]",
					"strict" : false
				},
				{
					"name" : "p1[27]",
					"strict" : false
				},
				{
					"name" : "p1[28]",
					"strict" : false
				},
				{
					"name" : "p1[29]",
					"strict" : false
				},
				{
					"name" : "p1[30]",
					"strict" : false
				},
				{
					"name" : "p1[31]",
					"strict" : false
				},
				{
					"name" : "p2[13]",
					"strict" : false
				},
				{
					"name" : "p2[14]",
					"strict" : false
				},
				{
					"name" : "p2[15]",
					"strict" : false
				},
				{
					"name" : "p2[16]",
					"strict" : false
				},
				{
					"name" : "p2[17]",
					"strict" : false
				},
				{
					"name" : "p2[18]",
					"strict" : false
				},
				{
					"name" : "p2[19]",
					"strict" : false
				},
				{
					"name" : "p2[20]",
					"strict" : false
				},
				{
					"name" : "p2[21]",
					"strict" : false
				},
				{
					"name" : "p2[22]",
					"strict" : false
				},
				{
					"name" : "p2[23]",
					"strict" : false
				},
				{
					"name" : "p2[24]",
					"strict" : false
				},
				{
					"name" : "p2[25]",
					"strict" : false
				},
				{
					"name" : "p2[26]",
					"strict" : false
				},
				{
					"name" : "p2[27]",
					"strict" : false
				},
				{
					"name" : "p2[28]",
					"strict" : false
				},
				{
					"name" : "p2[29]",
					"strict" : false
				},
				{
					"name" : "p2[30]",
					"strict" : false
				},
				{
					"name" : "p2[31]",
					"strict" : false
				},
				{
					"name" : "p3[16]",
					"strict" : false
				},
				{
					"name" : "p3[17]",
					"strict" : false
				},
				{
					"name" : "p3[18]",
					"strict" : false
				},
				{
					"name" : "p3[19]",
					"strict" : false
				},
				{
					"name" : "p3[20]",
					"strict" : false
				},
				{
					"name" : "p3[21]",
					"strict" : false
				},
				{
					"name" : "p3[22]",
					"strict" : false
				},
				{
					"name" : "p3[23]",
					"strict" : false
				},
				{
					"name" : "p3[24]",
					"strict" : false
				},
				{
					"name" : "p3[25]",
					"strict" : false
				},
				{
					"name" : "p3[26]",
					"strict" : false
				},
				{
					"name" : "p3[27]",
					"strict" : false
				},
				{
					"name" : "p3[28]",
					"strict" : false
				},
				{
					"name" : "p3[29]",
					"strict" : false
				},
				{
					"name" : "p3[30]",
					"strict" : false
				},
				{
					"name" : "p3[31]",
					"strict" : false
				},
				{
					"name" : "p3[45]",
					"strict" : false
				},
				{
					"name" : "p3[46]",
					"strict" : false
				},
				{
					"name" : "p3[47]",
					"strict" : false
				},
				{
					"name" : "p3[48]",
					"strict" : false
				},
				{
					"name" : "p3[49]",
					"strict" : false
				},
				{
					"name" : "p3[50]",
					"strict" : false
				},
				{
					"name" : "p3[51]",
					"strict" : false
				},
				{
					"name" : "p3[52]",
					"strict" : false
				},
				{
					"name" : "p3[53]",
					"strict" : false
				},
				{
					"name" : "p3[54]",
					"strict" : false
				},
				{
					"name" : "p3[55]",
					"strict" : false
				},
				{
					"name" : "p3[56]",
					"strict" : false
				},
				{
					"name" : "p3[57]",
					"strict" : false
				},
				{
					"name" : "p3[58]",
					"strict" : false
				},
				{
					"name" : "p3[59]",
					"strict" : false
				},
				{
					"name" : "p3[60]",
					"strict" : false
				},
				{
					"name" : "p3[61]",
					"strict" : false
				},
				{
					"name" : "p3[62]",
					"strict" : false
				},
				{
					"name" : "p3[63]",
					"strict" : false
				},
				{
					"name" : "p4[0]",
					"strict" : false
				},
				{
					"name" : "p4[1]",
					"strict" : false
				},
				{
					"name" : "p4[2]",
					"strict" : false
				},
				{
					"name" : "p4[3]",
					"strict" : false
				},
				{
					"name" : "p4[4]",
					"strict" : false
				},
				{
					"name" : "p4[5]",
					"strict" : false
				},
				{
					"name" : "p4[6]",
					"strict" : false
				},
				{
					"name" : "p4[7]",
					"strict" : false
				},
				{
					"name" : "p4[8]",
					"strict" : false
				},
				{
					"name" : "p4[9]",
					"strict" : false
				},
				{
					"name" : "p4[10]",
					"strict" : false
				},
				{
					"name" : "p4[11]",
					"strict" : false
				},
				{
					"name" : "p4[12]",
					"strict" : false
				},
				{
					"name" : "p4[13]",
					"strict" : false
				},
				{
					"name" : "p4[14]",
					"strict" : false
				},
				{
					"name" : "p4[15]",
					"strict" : false
				},
				{
					"name" : "p4[16]",
					"strict" : false
				},
				{
					"name" : "p4[17]",
					"strict" : false
				},
				{
					"name" : "p4[18]",
					"strict" : false
				},
				{
					"name" : "p4[19]",
					"strict" : false
				},
				{
					"name" : "p4[20]",
					"strict" : false
				},
				{
					"name" : "p4[21]",
					"strict" : false
				},
				{
					"name" : "p4[22]",
					"strict" : false
				},
				{
					"name" : "p4[23]",
					"strict" : false
				},
				{
					"name" : "p4[24]",
					"strict" : false
				},
				{
					"name" : "p4[25]",
					"strict" : false
				},
				{
					"name" : "p4[26]",
					"strict" : false
				},
				{
					"name" : "p4[27]",
					"strict" : false
				},
				{
					"name" : "p4[28]",
					"strict" : false
				},
				{
					"name" : "p4[29]",
					"strict" : false
				},
				{
					"name" : "p4[30]",
					"strict" : false
				},
				{
					"name" : "p4[31]",
					"strict" : false
				},
				{
					"name" : "p4[45]",
					"strict" : false
				},
				{
					"name" : "p4[46]",
					"strict" : false
				},
				{
					"name" : "p4[47]",
					"strict" : false
				},
				{
					"name" : "p4[48]",
					"strict" : false
				},
				{
					"name" : "p4[49]",
					"strict" : false
				},
				{
					"name" : "p4[50]",
					"strict" : false
				},
				{
					"name" : "p4[51]",
					"strict" : false
				},
				{
					"name" : "p4[52]",
					"strict" : false
				},
				{
					"name" : "p4[53]",
					"strict" : false
				},
				{
					"name" : "p4[54]",
					"strict" : false
				},
				{
					"name" : "p4[55]",
					"strict" : false
				},
				{
					"name" : "p4[56]",
					"strict" : false
				},
				{
					"name" : "p4[57]",
					"strict" : false
				},
				{
					"name" : "p4[58]",
					"strict" : false
				},
				{
					"name" : "p4[59]",
					"strict" : false
				},
				{
					"name" : "p4[60]",
					"strict" : false
				},
				{
					"name" : "p4[61]",
					"strict" : false
				},
				{
					"name" : "p4[62]",
					"strict" : false
				},
				{
					"name" : "p4[63]",
					"strict" : false
				},
				{
					"name" : "p5[0]",
					"strict" : false
				},
				{
					"name" : "p5[1]",
					"strict" : false
				},
				{
					"name" : "p5[2]",
					"strict" : false
				},
				{
					"name" : "p5[3]",
					"strict" : false
				},
				{
					"name" : "p5[4]",
					"strict" : false
				},
				{
					"name" : "p5[5]",
					"strict" : false
				},
				{
					"name" : "p5[6]",
					"strict" : false
				},
				{
					"name" : "p5[7]",
					"strict" : false
				},
				{
					"name" : "p5[8]",
					"strict" : false
				},
				{
					"name" : "p5[9]",
					"strict" : false
				},
				{
					"name" : "p5[10]",
					"strict" : false
				},
				{
					"name" : "p5[11]",
					"strict" : false
				},
				{
					"name" : "p5[12]",
					"strict" : false
				},
				{
					"name" : "p5[13]",
					"strict" : false
				},
				{
					"name" : "p5[14]",
					"strict" : false
				},
				{
					"name" : "p5[15]",
					"strict" : false
				},
				{
					"name" : "p5[29]",
					"strict" : false
				},
				{
					"name" : "p5[30]",
					"strict" : false
				},
				{
					"name" : "p5[31]",
					"strict" : false
				},
				{
					"name" : "clock",
					"strict" : false
				},
				{
					"name" : "reset",
					"strict" : false
				}
			]
		}
	]
}